replay_row_index,dataset_row_index,model_index,split_id,participant_id,true_label,pred_label
0,154,0,within_sub-001_holdout01,sub-001,low_1_2_3,high_4_5_6
1,118,0,within_sub-001_holdout01,sub-001,high_4_5_6,high_4_5_6
2,151,0,within_sub-001_holdout01,sub-001,low_1_2_3,low_1_2_3
3,105,0,within_sub-001_holdout01,sub-001,low_1_2_3,low_1_2_3
4,28,0,within_sub-001_holdout01,sub-001,high_4_5_6,high_4_5_6
5,9,0,within_sub-001_holdout01,sub-001,baseline,baseline
6,75,0,within_sub-001_holdout01,sub-001,high_4_5_6,baseline
7,46,0,within_sub-001_holdout01,sub-001,high_4_5_6,low_1_2_3
8,87,0,within_sub-001_holdout01,sub-001,high_4_5_6,high_4_5_6
9,12,0,within_sub-001_holdout01,sub-001,baseline,high_4_5_6
10,180,0,within_sub-001_holdout01,sub-001,low_1_2_3,low_1_2_3
11,122,0,within_sub-001_holdout01,sub-001,high_4_5_6,high_4_5_6
12,84,0,within_sub-001_holdout01,sub-001,high_4_5_6,high_4_5_6
13,127,0,within_sub-001_holdout01,sub-001,low_1_2_3,low_1_2_3
14,63,0,within_sub-001_holdout01,sub-001,high_4_5_6,high_4_5_6
15,32,0,within_sub-001_holdout01,sub-001,high_4_5_6,low_1_2_3
16,24,0,within_sub-001_holdout01,sub-001,low_1_2_3,high_4_5_6
17,142,0,within_sub-001_holdout01,sub-001,low_1_2_3,low_1_2_3
18,108,0,within_sub-001_holdout01,sub-001,low_1_2_3,low_1_2_3
19,123,0,within_sub-001_holdout01,sub-001,low_1_2_3,low_1_2_3
20,139,0,within_sub-001_holdout01,sub-001,high_4_5_6,low_1_2_3
21,165,0,within_sub-001_holdout01,sub-001,low_1_2_3,low_1_2_3
22,100,0,within_sub-001_holdout01,sub-001,low_1_2_3,low_1_2_3
23,97,0,within_sub-001_holdout01,sub-001,high_4_5_6,low_1_2_3
24,43,0,within_sub-001_holdout01,sub-001,low_1_2_3,low_1_2_3
25,107,0,within_sub-001_holdout01,sub-001,low_1_2_3,low_1_2_3
26,30,0,within_sub-001_holdout01,sub-001,high_4_5_6,high_4_5_6
27,39,0,within_sub-001_holdout01,sub-001,high_4_5_6,baseline
28,17,0,within_sub-001_holdout01,sub-001,baseline,low_1_2_3
29,71,0,within_sub-001_holdout01,sub-001,high_4_5_6,baseline
30,96,0,within_sub-001_holdout01,sub-001,high_4_5_6,low_1_2_3
31,13,0,within_sub-001_holdout01,sub-001,baseline,baseline
32,116,0,within_sub-001_holdout01,sub-001,high_4_5_6,high_4_5_6
33,109,0,within_sub-001_holdout01,sub-001,low_1_2_3,low_1_2_3
34,149,0,within_sub-001_holdout01,sub-001,low_1_2_3,baseline
35,168,0,within_sub-001_holdout01,sub-001,low_1_2_3,low_1_2_3
36,57,0,within_sub-001_holdout01,sub-001,low_1_2_3,high_4_5_6
37,190,1,within_sub-003_holdout01,sub-003,baseline,low_1_2_3
38,284,1,within_sub-003_holdout01,sub-003,high_4_5_6,high_4_5_6
39,210,1,within_sub-003_holdout01,sub-003,low_1_2_3,low_1_2_3
40,257,1,within_sub-003_holdout01,sub-003,high_4_5_6,high_4_5_6
41,350,1,within_sub-003_holdout01,sub-003,low_1_2_3,low_1_2_3
42,351,1,within_sub-003_holdout01,sub-003,high_4_5_6,high_4_5_6
43,234,1,within_sub-003_holdout01,sub-003,low_1_2_3,low_1_2_3
44,345,1,within_sub-003_holdout01,sub-003,low_1_2_3,low_1_2_3
45,314,1,within_sub-003_holdout01,sub-003,low_1_2_3,low_1_2_3
46,352,1,within_sub-003_holdout01,sub-003,high_4_5_6,high_4_5_6
47,282,1,within_sub-003_holdout01,sub-003,high_4_5_6,baseline
48,355,1,within_sub-003_holdout01,sub-003,high_4_5_6,high_4_5_6
49,342,1,within_sub-003_holdout01,sub-003,low_1_2_3,high_4_5_6
50,362,1,within_sub-003_holdout01,sub-003,low_1_2_3,low_1_2_3
51,283,1,within_sub-003_holdout01,sub-003,high_4_5_6,high_4_5_6
52,363,1,within_sub-003_holdout01,sub-003,high_4_5_6,high_4_5_6
53,343,1,within_sub-003_holdout01,sub-003,low_1_2_3,high_4_5_6
54,341,1,within_sub-003_holdout01,sub-003,low_1_2_3,baseline
55,261,1,within_sub-003_holdout01,sub-003,high_4_5_6,high_4_5_6
56,183,1,within_sub-003_holdout01,sub-003,baseline,low_1_2_3
57,188,1,within_sub-003_holdout01,sub-003,baseline,high_4_5_6
58,246,1,within_sub-003_holdout01,sub-003,high_4_5_6,low_1_2_3
59,235,1,within_sub-003_holdout01,sub-003,low_1_2_3,low_1_2_3
60,305,1,within_sub-003_holdout01,sub-003,high_4_5_6,low_1_2_3
61,292,1,within_sub-003_holdout01,sub-003,low_1_2_3,low_1_2_3
62,240,1,within_sub-003_holdout01,sub-003,low_1_2_3,low_1_2_3
63,247,1,within_sub-003_holdout01,sub-003,high_4_5_6,low_1_2_3
64,299,1,within_sub-003_holdout01,sub-003,high_4_5_6,high_4_5_6
65,195,1,within_sub-003_holdout01,sub-003,baseline,high_4_5_6
66,270,1,within_sub-003_holdout01,sub-003,low_1_2_3,baseline
67,294,1,within_sub-003_holdout01,sub-003,low_1_2_3,baseline
68,207,1,within_sub-003_holdout01,sub-003,high_4_5_6,high_4_5_6
69,217,1,within_sub-003_holdout01,sub-003,low_1_2_3,low_1_2_3
70,308,1,within_sub-003_holdout01,sub-003,high_4_5_6,high_4_5_6
71,229,1,within_sub-003_holdout01,sub-003,high_4_5_6,high_4_5_6
72,209,1,within_sub-003_holdout01,sub-003,high_4_5_6,high_4_5_6
73,331,1,within_sub-003_holdout01,sub-003,low_1_2_3,low_1_2_3
74,411,2,within_sub-004_holdout01,sub-004,low_1_2_3,low_1_2_3
75,400,2,within_sub-004_holdout01,sub-004,high_4_5_6,high_4_5_6
76,521,2,within_sub-004_holdout01,sub-004,low_1_2_3,low_1_2_3
77,380,2,within_sub-004_holdout01,sub-004,baseline,baseline
78,495,2,within_sub-004_holdout01,sub-004,low_1_2_3,low_1_2_3
79,487,2,within_sub-004_holdout01,sub-004,high_4_5_6,high_4_5_6
80,496,2,within_sub-004_holdout01,sub-004,low_1_2_3,low_1_2_3
81,483,2,within_sub-004_holdout01,sub-004,high_4_5_6,high_4_5_6
82,397,2,within_sub-004_holdout01,sub-004,low_1_2_3,low_1_2_3
83,484,2,within_sub-004_holdout01,sub-004,high_4_5_6,low_1_2_3
84,439,2,within_sub-004_holdout01,sub-004,high_4_5_6,low_1_2_3
85,531,2,within_sub-004_holdout01,sub-004,low_1_2_3,high_4_5_6
86,516,2,within_sub-004_holdout01,sub-004,low_1_2_3,high_4_5_6
87,537,2,within_sub-004_holdout01,sub-004,low_1_2_3,low_1_2_3
88,536,2,within_sub-004_holdout01,sub-004,low_1_2_3,low_1_2_3
89,454,2,within_sub-004_holdout01,sub-004,high_4_5_6,high_4_5_6
90,461,2,within_sub-004_holdout01,sub-004,high_4_5_6,low_1_2_3
91,429,2,within_sub-004_holdout01,sub-004,high_4_5_6,high_4_5_6
92,403,2,within_sub-004_holdout01,sub-004,high_4_5_6,baseline
93,533,2,within_sub-004_holdout01,sub-004,low_1_2_3,low_1_2_3
94,420,2,within_sub-004_holdout01,sub-004,low_1_2_3,low_1_2_3
95,415,2,within_sub-004_holdout01,sub-004,high_4_5_6,low_1_2_3
96,446,2,within_sub-004_holdout01,sub-004,low_1_2_3,high_4_5_6
97,402,2,within_sub-004_holdout01,sub-004,high_4_5_6,low_1_2_3
98,510,2,within_sub-004_holdout01,sub-004,high_4_5_6,high_4_5_6
99,501,2,within_sub-004_holdout01,sub-004,low_1_2_3,low_1_2_3
100,428,2,within_sub-004_holdout01,sub-004,high_4_5_6,high_4_5_6
101,479,2,within_sub-004_holdout01,sub-004,low_1_2_3,high_4_5_6
102,367,2,within_sub-004_holdout01,sub-004,baseline,baseline
103,431,2,within_sub-004_holdout01,sub-004,high_4_5_6,high_4_5_6
104,466,2,within_sub-004_holdout01,sub-004,high_4_5_6,high_4_5_6
105,492,2,within_sub-004_holdout01,sub-004,high_4_5_6,high_4_5_6
106,371,2,within_sub-004_holdout01,sub-004,baseline,baseline
107,462,2,within_sub-004_holdout01,sub-004,low_1_2_3,low_1_2_3
108,511,2,within_sub-004_holdout01,sub-004,high_4_5_6,high_4_5_6
109,475,2,within_sub-004_holdout01,sub-004,low_1_2_3,high_4_5_6
110,381,2,within_sub-004_holdout01,sub-004,baseline,high_4_5_6
111,639,3,within_sub-005_holdout01,sub-005,low_1_2_3,low_1_2_3
112,663,3,within_sub-005_holdout01,sub-005,low_1_2_3,low_1_2_3
113,714,3,within_sub-005_holdout01,sub-005,high_4_5_6,low_1_2_3
114,621,3,within_sub-005_holdout01,sub-005,low_1_2_3,low_1_2_3
115,694,3,within_sub-005_holdout01,sub-005,high_4_5_6,high_4_5_6
116,659,3,within_sub-005_holdout01,sub-005,low_1_2_3,low_1_2_3
117,718,3,within_sub-005_holdout01,sub-005,high_4_5_6,high_4_5_6
118,705,3,within_sub-005_holdout01,sub-005,high_4_5_6,high_4_5_6
119,697,3,within_sub-005_holdout01,sub-005,high_4_5_6,high_4_5_6
120,680,3,within_sub-005_holdout01,sub-005,high_4_5_6,high_4_5_6
121,572,3,within_sub-005_holdout01,sub-005,high_4_5_6,baseline
122,648,3,within_sub-005_holdout01,sub-005,low_1_2_3,low_1_2_3
123,562,3,within_sub-005_holdout01,sub-005,baseline,low_1_2_3
124,590,3,within_sub-005_holdout01,sub-005,low_1_2_3,baseline
125,554,3,within_sub-005_holdout01,sub-005,baseline,baseline
126,715,3,within_sub-005_holdout01,sub-005,high_4_5_6,high_4_5_6
127,588,3,within_sub-005_holdout01,sub-005,low_1_2_3,low_1_2_3
128,611,3,within_sub-005_holdout01,sub-005,low_1_2_3,low_1_2_3
129,637,3,within_sub-005_holdout01,sub-005,low_1_2_3,low_1_2_3
130,720,3,within_sub-005_holdout01,sub-005,high_4_5_6,high_4_5_6
131,676,3,within_sub-005_holdout01,sub-005,low_1_2_3,low_1_2_3
132,662,3,within_sub-005_holdout01,sub-005,low_1_2_3,low_1_2_3
133,673,3,within_sub-005_holdout01,sub-005,high_4_5_6,high_4_5_6
134,692,3,within_sub-005_holdout01,sub-005,low_1_2_3,low_1_2_3
135,709,3,within_sub-005_holdout01,sub-005,high_4_5_6,high_4_5_6
136,553,3,within_sub-005_holdout01,sub-005,baseline,baseline
137,580,3,within_sub-005_holdout01,sub-005,high_4_5_6,high_4_5_6
138,598,3,within_sub-005_holdout01,sub-005,low_1_2_3,low_1_2_3
139,701,3,within_sub-005_holdout01,sub-005,high_4_5_6,high_4_5_6
140,672,3,within_sub-005_holdout01,sub-005,high_4_5_6,high_4_5_6
141,581,3,within_sub-005_holdout01,sub-005,high_4_5_6,high_4_5_6
142,577,3,within_sub-005_holdout01,sub-005,low_1_2_3,low_1_2_3
143,647,3,within_sub-005_holdout01,sub-005,low_1_2_3,low_1_2_3
144,674,3,within_sub-005_holdout01,sub-005,high_4_5_6,high_4_5_6
145,565,3,within_sub-005_holdout01,sub-005,baseline,low_1_2_3
146,574,3,within_sub-005_holdout01,sub-005,low_1_2_3,high_4_5_6
147,824,4,within_sub-007_holdout01,sub-007,high_4_5_6,high_4_5_6
148,753,4,within_sub-007_holdout01,sub-007,low_1_2_3,low_1_2_3
149,846,4,within_sub-007_holdout01,sub-007,high_4_5_6,high_4_5_6
150,785,4,within_sub-007_holdout01,sub-007,low_1_2_3,low_1_2_3
151,795,4,within_sub-007_holdout01,sub-007,high_4_5_6,low_1_2_3
152,837,4,within_sub-007_holdout01,sub-007,high_4_5_6,high_4_5_6
153,864,4,within_sub-007_holdout01,sub-007,high_4_5_6,high_4_5_6
154,742,4,within_sub-007_holdout01,sub-007,baseline,low_1_2_3
155,883,4,within_sub-007_holdout01,sub-007,low_1_2_3,low_1_2_3
156,827,4,within_sub-007_holdout01,sub-007,high_4_5_6,high_4_5_6
157,843,4,within_sub-007_holdout01,sub-007,high_4_5_6,high_4_5_6
158,884,4,within_sub-007_holdout01,sub-007,low_1_2_3,high_4_5_6
159,819,4,within_sub-007_holdout01,sub-007,low_1_2_3,high_4_5_6
160,842,4,within_sub-007_holdout01,sub-007,high_4_5_6,high_4_5_6
161,739,4,within_sub-007_holdout01,sub-007,baseline,baseline
162,791,4,within_sub-007_holdout01,sub-007,low_1_2_3,low_1_2_3
163,904,4,within_sub-007_holdout01,sub-007,high_4_5_6,high_4_5_6
164,758,4,within_sub-007_holdout01,sub-007,low_1_2_3,high_4_5_6
165,736,4,within_sub-007_holdout01,sub-007,baseline,baseline
166,828,4,within_sub-007_holdout01,sub-007,low_1_2_3,low_1_2_3
167,844,4,within_sub-007_holdout01,sub-007,high_4_5_6,high_4_5_6
168,881,4,within_sub-007_holdout01,sub-007,low_1_2_3,high_4_5_6
169,821,4,within_sub-007_holdout01,sub-007,low_1_2_3,high_4_5_6
170,737,4,within_sub-007_holdout01,sub-007,baseline,high_4_5_6
171,774,4,within_sub-007_holdout01,sub-007,low_1_2_3,baseline
172,792,4,within_sub-007_holdout01,sub-007,high_4_5_6,low_1_2_3
173,820,4,within_sub-007_holdout01,sub-007,low_1_2_3,low_1_2_3
174,867,4,within_sub-007_holdout01,sub-007,low_1_2_3,low_1_2_3
175,839,4,within_sub-007_holdout01,sub-007,high_4_5_6,high_4_5_6
176,784,4,within_sub-007_holdout01,sub-007,low_1_2_3,baseline
177,750,4,within_sub-007_holdout01,sub-007,low_1_2_3,baseline
178,876,4,within_sub-007_holdout01,sub-007,high_4_5_6,low_1_2_3
179,776,4,within_sub-007_holdout01,sub-007,low_1_2_3,high_4_5_6
180,813,4,within_sub-007_holdout01,sub-007,low_1_2_3,high_4_5_6
181,873,4,within_sub-007_holdout01,sub-007,high_4_5_6,high_4_5_6
182,905,4,within_sub-007_holdout01,sub-007,high_4_5_6,high_4_5_6
183,836,4,within_sub-007_holdout01,sub-007,high_4_5_6,high_4_5_6
184,1071,5,within_sub-009_holdout01,sub-009,low_1_2_3,high_4_5_6
185,1041,5,within_sub-009_holdout01,sub-009,high_4_5_6,high_4_5_6
186,1066,5,within_sub-009_holdout01,sub-009,high_4_5_6,high_4_5_6
187,926,5,within_sub-009_holdout01,sub-009,baseline,baseline
188,934,5,within_sub-009_holdout01,sub-009,low_1_2_3,low_1_2_3
189,966,5,within_sub-009_holdout01,sub-009,low_1_2_3,high_4_5_6
190,1040,5,within_sub-009_holdout01,sub-009,high_4_5_6,high_4_5_6
191,914,5,within_sub-009_holdout01,sub-009,baseline,baseline
192,949,5,within_sub-009_holdout01,sub-009,low_1_2_3,low_1_2_3
193,933,5,within_sub-009_holdout01,sub-009,low_1_2_3,baseline
194,1039,5,within_sub-009_holdout01,sub-009,high_4_5_6,high_4_5_6
195,915,5,within_sub-009_holdout01,sub-009,baseline,baseline
196,1000,5,within_sub-009_holdout01,sub-009,low_1_2_3,high_4_5_6
197,969,5,within_sub-009_holdout01,sub-009,high_4_5_6,high_4_5_6
198,998,5,within_sub-009_holdout01,sub-009,high_4_5_6,low_1_2_3
199,1086,5,within_sub-009_holdout01,sub-009,low_1_2_3,low_1_2_3
200,1062,5,within_sub-009_holdout01,sub-009,low_1_2_3,low_1_2_3
201,1069,5,within_sub-009_holdout01,sub-009,high_4_5_6,high_4_5_6
202,1049,5,within_sub-009_holdout01,sub-009,high_4_5_6,high_4_5_6
203,1044,5,within_sub-009_holdout01,sub-009,high_4_5_6,low_1_2_3
204,1085,5,within_sub-009_holdout01,sub-009,low_1_2_3,baseline
205,984,5,within_sub-009_holdout01,sub-009,high_4_5_6,high_4_5_6
206,962,5,within_sub-009_holdout01,sub-009,high_4_5_6,high_4_5_6
207,958,5,within_sub-009_holdout01,sub-009,low_1_2_3,low_1_2_3
208,1079,5,within_sub-009_holdout01,sub-009,low_1_2_3,low_1_2_3
209,1076,5,within_sub-009_holdout01,sub-009,low_1_2_3,low_1_2_3
210,1012,5,within_sub-009_holdout01,sub-009,high_4_5_6,low_1_2_3
211,989,5,within_sub-009_holdout01,sub-009,high_4_5_6,high_4_5_6
212,987,5,within_sub-009_holdout01,sub-009,high_4_5_6,high_4_5_6
213,946,5,within_sub-009_holdout01,sub-009,high_4_5_6,high_4_5_6
214,1025,5,within_sub-009_holdout01,sub-009,low_1_2_3,high_4_5_6
215,1003,5,within_sub-009_holdout01,sub-009,low_1_2_3,low_1_2_3
216,1042,5,within_sub-009_holdout01,sub-009,high_4_5_6,low_1_2_3
217,918,5,within_sub-009_holdout01,sub-009,baseline,baseline
218,974,5,within_sub-009_holdout01,sub-009,low_1_2_3,high_4_5_6
219,1057,5,within_sub-009_holdout01,sub-009,high_4_5_6,high_4_5_6
220,1083,5,within_sub-009_holdout01,sub-009,low_1_2_3,low_1_2_3
221,1140,6,within_sub-010_holdout01,sub-010,low_1_2_3,low_1_2_3
222,1113,6,within_sub-010_holdout01,sub-010,baseline,baseline
223,1114,6,within_sub-010_holdout01,sub-010,baseline,baseline
224,1117,6,within_sub-010_holdout01,sub-010,low_1_2_3,low_1_2_3
225,1266,6,within_sub-010_holdout01,sub-010,high_4_5_6,low_1_2_3
226,1148,6,within_sub-010_holdout01,sub-010,low_1_2_3,high_4_5_6
227,1256,6,within_sub-010_holdout01,sub-010,high_4_5_6,low_1_2_3
228,1169,6,within_sub-010_holdout01,sub-010,low_1_2_3,low_1_2_3
229,1183,6,within_sub-010_holdout01,sub-010,high_4_5_6,high_4_5_6
230,1253,6,within_sub-010_holdout01,sub-010,high_4_5_6,high_4_5_6
231,1172,6,within_sub-010_holdout01,sub-010,high_4_5_6,low_1_2_3
232,1204,6,within_sub-010_holdout01,sub-010,low_1_2_3,low_1_2_3
233,1102,6,within_sub-010_holdout01,sub-010,baseline,baseline
234,1259,6,within_sub-010_holdout01,sub-010,low_1_2_3,low_1_2_3
235,1159,6,within_sub-010_holdout01,sub-010,low_1_2_3,low_1_2_3
236,1252,6,within_sub-010_holdout01,sub-010,high_4_5_6,high_4_5_6
237,1241,6,within_sub-010_holdout01,sub-010,low_1_2_3,low_1_2_3
238,1272,6,within_sub-010_holdout01,sub-010,high_4_5_6,high_4_5_6
239,1171,6,within_sub-010_holdout01,sub-010,high_4_5_6,low_1_2_3
240,1122,6,within_sub-010_holdout01,sub-010,low_1_2_3,low_1_2_3
241,1182,6,within_sub-010_holdout01,sub-010,high_4_5_6,low_1_2_3
242,1264,6,within_sub-010_holdout01,sub-010,high_4_5_6,low_1_2_3
243,1131,6,within_sub-010_holdout01,sub-010,low_1_2_3,low_1_2_3
244,1190,6,within_sub-010_holdout01,sub-010,low_1_2_3,high_4_5_6
245,1271,6,within_sub-010_holdout01,sub-010,low_1_2_3,low_1_2_3
246,1097,6,within_sub-010_holdout01,sub-010,baseline,low_1_2_3
247,1144,6,within_sub-010_holdout01,sub-010,high_4_5_6,low_1_2_3
248,1268,6,within_sub-010_holdout01,sub-010,high_4_5_6,high_4_5_6
249,1214,6,within_sub-010_holdout01,sub-010,low_1_2_3,low_1_2_3
250,1274,6,within_sub-010_holdout01,sub-010,high_4_5_6,high_4_5_6
251,1167,6,within_sub-010_holdout01,sub-010,low_1_2_3,low_1_2_3
252,1181,6,within_sub-010_holdout01,sub-010,high_4_5_6,high_4_5_6
253,1202,6,within_sub-010_holdout01,sub-010,high_4_5_6,low_1_2_3
254,1255,6,within_sub-010_holdout01,sub-010,high_4_5_6,high_4_5_6
255,1155,6,within_sub-010_holdout01,sub-010,low_1_2_3,low_1_2_3
256,1154,6,within_sub-010_holdout01,sub-010,low_1_2_3,low_1_2_3
257,1270,6,within_sub-010_holdout01,sub-010,low_1_2_3,high_4_5_6
258,1306,7,within_sub-012_holdout01,sub-012,high_4_5_6,high_4_5_6
259,1302,7,within_sub-012_holdout01,sub-012,high_4_5_6,high_4_5_6
260,1349,7,within_sub-012_holdout01,sub-012,high_4_5_6,high_4_5_6
261,1295,7,within_sub-012_holdout01,sub-012,low_1_2_3,low_1_2_3
262,1297,7,within_sub-012_holdout01,sub-012,low_1_2_3,high_4_5_6
263,1369,7,within_sub-012_holdout01,sub-012,high_4_5_6,low_1_2_3
264,1279,7,within_sub-012_holdout01,sub-012,baseline,baseline
265,1417,7,within_sub-012_holdout01,sub-012,low_1_2_3,low_1_2_3
266,1308,7,within_sub-012_holdout01,sub-012,low_1_2_3,low_1_2_3
267,1377,7,within_sub-012_holdout01,sub-012,high_4_5_6,high_4_5_6
268,1381,7,within_sub-012_holdout01,sub-012,low_1_2_3,high_4_5_6
269,1292,7,within_sub-012_holdout01,sub-012,baseline,baseline
270,1367,7,within_sub-012_holdout01,sub-012,high_4_5_6,low_1_2_3
271,1383,7,within_sub-012_holdout01,sub-012,high_4_5_6,high_4_5_6
272,1428,7,within_sub-012_holdout01,sub-012,low_1_2_3,high_4_5_6
273,1389,7,within_sub-012_holdout01,sub-012,high_4_5_6,high_4_5_6
274,1339,7,within_sub-012_holdout01,sub-012,high_4_5_6,low_1_2_3
275,1284,7,within_sub-012_holdout01,sub-012,baseline,baseline
276,1354,7,within_sub-012_holdout01,sub-012,high_4_5_6,low_1_2_3
277,1400,7,within_sub-012_holdout01,sub-012,high_4_5_6,high_4_5_6
278,1298,7,within_sub-012_holdout01,sub-012,low_1_2_3,low_1_2_3
279,1318,7,within_sub-012_holdout01,sub-012,low_1_2_3,low_1_2_3
280,1329,7,within_sub-012_holdout01,sub-012,low_1_2_3,high_4_5_6
281,1357,7,within_sub-012_holdout01,sub-012,low_1_2_3,low_1_2_3
282,1386,7,within_sub-012_holdout01,sub-012,high_4_5_6,high_4_5_6
283,1327,7,within_sub-012_holdout01,sub-012,low_1_2_3,low_1_2_3
284,1380,7,within_sub-012_holdout01,sub-012,low_1_2_3,high_4_5_6
285,1412,7,within_sub-012_holdout01,sub-012,low_1_2_3,low_1_2_3
286,1394,7,within_sub-012_holdout01,sub-012,high_4_5_6,low_1_2_3
287,1355,7,within_sub-012_holdout01,sub-012,high_4_5_6,low_1_2_3
288,1427,7,within_sub-012_holdout01,sub-012,low_1_2_3,high_4_5_6
289,1330,7,within_sub-012_holdout01,sub-012,low_1_2_3,low_1_2_3
290,1321,7,within_sub-012_holdout01,sub-012,low_1_2_3,low_1_2_3
291,1379,7,within_sub-012_holdout01,sub-012,high_4_5_6,high_4_5_6
292,1438,7,within_sub-012_holdout01,sub-012,low_1_2_3,low_1_2_3
293,1607,8,within_sub-014_holdout01,sub-014,low_1_2_3,low_1_2_3
294,1507,8,within_sub-014_holdout01,sub-014,low_1_2_3,high_4_5_6
295,1545,8,within_sub-014_holdout01,sub-014,high_4_5_6,high_4_5_6
296,1494,8,within_sub-014_holdout01,sub-014,high_4_5_6,high_4_5_6
297,1620,8,within_sub-014_holdout01,sub-014,high_4_5_6,high_4_5_6
298,1491,8,within_sub-014_holdout01,sub-014,low_1_2_3,low_1_2_3
299,1516,8,within_sub-014_holdout01,sub-014,low_1_2_3,high_4_5_6
300,1521,8,within_sub-014_holdout01,sub-014,high_4_5_6,low_1_2_3
301,1580,8,within_sub-014_holdout01,sub-014,high_4_5_6,high_4_5_6
302,1456,8,within_sub-014_holdout01,sub-014,baseline,baseline
303,1527,8,within_sub-014_holdout01,sub-014,low_1_2_3,low_1_2_3
304,1624,8,within_sub-014_holdout01,sub-014,high_4_5_6,high_4_5_6
305,1604,8,within_sub-014_holdout01,sub-014,low_1_2_3,low_1_2_3
306,1617,8,within_sub-014_holdout01,sub-014,low_1_2_3,low_1_2_3
307,1522,8,within_sub-014_holdout01,sub-014,high_4_5_6,high_4_5_6
308,1454,8,within_sub-014_holdout01,sub-014,baseline,baseline
309,1520,8,within_sub-014_holdout01,sub-014,low_1_2_3,low_1_2_3
310,1576,8,within_sub-014_holdout01,sub-014,low_1_2_3,low_1_2_3
311,1525,8,within_sub-014_holdout01,sub-014,low_1_2_3,high_4_5_6
312,1621,8,within_sub-014_holdout01,sub-014,high_4_5_6,high_4_5_6
313,1608,8,within_sub-014_holdout01,sub-014,high_4_5_6,low_1_2_3
314,1561,8,within_sub-014_holdout01,sub-014,high_4_5_6,high_4_5_6
315,1588,8,within_sub-014_holdout01,sub-014,low_1_2_3,high_4_5_6
316,1552,8,within_sub-014_holdout01,sub-014,low_1_2_3,low_1_2_3
317,1546,8,within_sub-014_holdout01,sub-014,high_4_5_6,high_4_5_6
318,1619,8,within_sub-014_holdout01,sub-014,low_1_2_3,high_4_5_6
319,1453,8,within_sub-014_holdout01,sub-014,baseline,baseline
320,1508,8,within_sub-014_holdout01,sub-014,low_1_2_3,low_1_2_3
321,1466,8,within_sub-014_holdout01,sub-014,baseline,high_4_5_6
322,1505,8,within_sub-014_holdout01,sub-014,low_1_2_3,low_1_2_3
323,1613,8,within_sub-014_holdout01,sub-014,high_4_5_6,low_1_2_3
324,1492,8,within_sub-014_holdout01,sub-014,low_1_2_3,low_1_2_3
325,1481,8,within_sub-014_holdout01,sub-014,high_4_5_6,high_4_5_6
326,1523,8,within_sub-014_holdout01,sub-014,high_4_5_6,high_4_5_6
327,1558,8,within_sub-014_holdout01,sub-014,low_1_2_3,low_1_2_3
328,1539,8,within_sub-014_holdout01,sub-014,high_4_5_6,high_4_5_6
329,1562,8,within_sub-014_holdout01,sub-014,high_4_5_6,high_4_5_6
330,1789,9,within_sub-015_holdout01,sub-015,high_4_5_6,high_4_5_6
331,1732,9,within_sub-015_holdout01,sub-015,high_4_5_6,low_1_2_3
332,1719,9,within_sub-015_holdout01,sub-015,low_1_2_3,low_1_2_3
333,1707,9,within_sub-015_holdout01,sub-015,low_1_2_3,high_4_5_6
334,1679,9,within_sub-015_holdout01,sub-015,low_1_2_3,low_1_2_3
335,1637,9,within_sub-015_holdout01,sub-015,baseline,baseline
336,1660,9,within_sub-015_holdout01,sub-015,high_4_5_6,high_4_5_6
337,1746,9,within_sub-015_holdout01,sub-015,high_4_5_6,high_4_5_6
338,1713,9,within_sub-015_holdout01,sub-015,low_1_2_3,low_1_2_3
339,1810,9,within_sub-015_holdout01,sub-015,high_4_5_6,low_1_2_3
340,1640,9,within_sub-015_holdout01,sub-015,baseline,baseline
341,1736,9,within_sub-015_holdout01,sub-015,low_1_2_3,high_4_5_6
342,1657,9,within_sub-015_holdout01,sub-015,high_4_5_6,baseline
343,1656,9,within_sub-015_holdout01,sub-015,high_4_5_6,high_4_5_6
344,1698,9,within_sub-015_holdout01,sub-015,low_1_2_3,low_1_2_3
345,1761,9,within_sub-015_holdout01,sub-015,low_1_2_3,high_4_5_6
346,1667,9,within_sub-015_holdout01,sub-015,low_1_2_3,low_1_2_3
347,1636,9,within_sub-015_holdout01,sub-015,baseline,baseline
348,1809,9,within_sub-015_holdout01,sub-015,high_4_5_6,high_4_5_6
349,1772,9,within_sub-015_holdout01,sub-015,high_4_5_6,high_4_5_6
350,1777,9,within_sub-015_holdout01,sub-015,low_1_2_3,high_4_5_6
351,1672,9,within_sub-015_holdout01,sub-015,low_1_2_3,low_1_2_3
352,1754,9,within_sub-015_holdout01,sub-015,low_1_2_3,high_4_5_6
353,1642,9,within_sub-015_holdout01,sub-015,baseline,baseline
354,1710,9,within_sub-015_holdout01,sub-015,high_4_5_6,high_4_5_6
355,1702,9,within_sub-015_holdout01,sub-015,high_4_5_6,high_4_5_6
356,1683,9,within_sub-015_holdout01,sub-015,high_4_5_6,high_4_5_6
357,1705,9,within_sub-015_holdout01,sub-015,high_4_5_6,low_1_2_3
358,1692,9,within_sub-015_holdout01,sub-015,low_1_2_3,high_4_5_6
359,1785,9,within_sub-015_holdout01,sub-015,high_4_5_6,high_4_5_6
360,1717,9,within_sub-015_holdout01,sub-015,low_1_2_3,low_1_2_3
361,1794,9,within_sub-015_holdout01,sub-015,low_1_2_3,low_1_2_3
362,1682,9,within_sub-015_holdout01,sub-015,high_4_5_6,low_1_2_3
363,1805,9,within_sub-015_holdout01,sub-015,high_4_5_6,high_4_5_6
364,1760,9,within_sub-015_holdout01,sub-015,low_1_2_3,low_1_2_3
365,1668,9,within_sub-015_holdout01,sub-015,high_4_5_6,high_4_5_6
366,1696,9,within_sub-015_holdout01,sub-015,low_1_2_3,low_1_2_3
367,1863,10,within_sub-016_holdout01,sub-016,high_4_5_6,high_4_5_6
368,1939,10,within_sub-016_holdout01,sub-016,low_1_2_3,high_4_5_6
369,1934,10,within_sub-016_holdout01,sub-016,low_1_2_3,low_1_2_3
370,1908,10,within_sub-016_holdout01,sub-016,low_1_2_3,high_4_5_6
371,1825,10,within_sub-016_holdout01,sub-016,baseline,baseline
372,1817,10,within_sub-016_holdout01,sub-016,baseline,baseline
373,1864,10,within_sub-016_holdout01,sub-016,high_4_5_6,high_4_5_6
374,1987,10,within_sub-016_holdout01,sub-016,high_4_5_6,high_4_5_6
375,1851,10,within_sub-016_holdout01,sub-016,low_1_2_3,high_4_5_6
376,1932,10,within_sub-016_holdout01,sub-016,low_1_2_3,high_4_5_6
377,1906,10,within_sub-016_holdout01,sub-016,high_4_5_6,high_4_5_6
378,1816,10,within_sub-016_holdout01,sub-016,baseline,baseline
379,1963,10,within_sub-016_holdout01,sub-016,low_1_2_3,low_1_2_3
380,1902,10,within_sub-016_holdout01,sub-016,high_4_5_6,high_4_5_6
381,1875,10,within_sub-016_holdout01,sub-016,high_4_5_6,high_4_5_6
382,1980,10,within_sub-016_holdout01,sub-016,high_4_5_6,low_1_2_3
383,1894,10,within_sub-016_holdout01,sub-016,low_1_2_3,low_1_2_3
384,1899,10,within_sub-016_holdout01,sub-016,low_1_2_3,high_4_5_6
385,1893,10,within_sub-016_holdout01,sub-016,low_1_2_3,low_1_2_3
386,1859,10,within_sub-016_holdout01,sub-016,low_1_2_3,low_1_2_3
387,1892,10,within_sub-016_holdout01,sub-016,low_1_2_3,low_1_2_3
388,1926,10,within_sub-016_holdout01,sub-016,high_4_5_6,high_4_5_6
389,1946,10,within_sub-016_holdout01,sub-016,high_4_5_6,low_1_2_3
390,1922,10,within_sub-016_holdout01,sub-016,high_4_5_6,low_1_2_3
391,1924,10,within_sub-016_holdout01,sub-016,high_4_5_6,high_4_5_6
392,1945,10,within_sub-016_holdout01,sub-016,high_4_5_6,low_1_2_3
393,1967,10,within_sub-016_holdout01,sub-016,low_1_2_3,low_1_2_3
394,1857,10,within_sub-016_holdout01,sub-016,low_1_2_3,high_4_5_6
395,1848,10,within_sub-016_holdout01,sub-016,low_1_2_3,low_1_2_3
396,1858,10,within_sub-016_holdout01,sub-016,low_1_2_3,high_4_5_6
397,1866,10,within_sub-016_holdout01,sub-016,high_4_5_6,high_4_5_6
398,1936,10,within_sub-016_holdout01,sub-016,high_4_5_6,high_4_5_6
399,1877,10,within_sub-016_holdout01,sub-016,high_4_5_6,high_4_5_6
400,1836,10,within_sub-016_holdout01,sub-016,low_1_2_3,low_1_2_3
401,1971,10,within_sub-016_holdout01,sub-016,high_4_5_6,high_4_5_6
402,1869,10,within_sub-016_holdout01,sub-016,high_4_5_6,low_1_2_3
403,2173,11,within_sub-018_holdout01,sub-018,low_1_2_3,low_1_2_3
404,2102,11,within_sub-018_holdout01,sub-018,low_1_2_3,low_1_2_3
405,2070,11,within_sub-018_holdout01,sub-018,high_4_5_6,low_1_2_3
406,2156,11,within_sub-018_holdout01,sub-018,high_4_5_6,high_4_5_6
407,2039,11,within_sub-018_holdout01,sub-018,high_4_5_6,high_4_5_6
408,2005,11,within_sub-018_holdout01,sub-018,baseline,baseline
409,1997,11,within_sub-018_holdout01,sub-018,baseline,baseline
410,2019,11,within_sub-018_holdout01,sub-018,high_4_5_6,low_1_2_3
411,2055,11,within_sub-018_holdout01,sub-018,low_1_2_3,high_4_5_6
412,2107,11,within_sub-018_holdout01,sub-018,low_1_2_3,low_1_2_3
413,2137,11,within_sub-018_holdout01,sub-018,high_4_5_6,high_4_5_6
414,2044,11,within_sub-018_holdout01,sub-018,low_1_2_3,low_1_2_3
415,2083,11,within_sub-018_holdout01,sub-018,high_4_5_6,high_4_5_6
416,1994,11,within_sub-018_holdout01,sub-018,baseline,baseline
417,2113,11,within_sub-018_holdout01,sub-018,low_1_2_3,low_1_2_3
418,2077,11,within_sub-018_holdout01,sub-018,high_4_5_6,high_4_5_6
419,2151,11,within_sub-018_holdout01,sub-018,low_1_2_3,low_1_2_3
420,2025,11,within_sub-018_holdout01,sub-018,low_1_2_3,low_1_2_3
421,2015,11,within_sub-018_holdout01,sub-018,low_1_2_3,low_1_2_3
422,2144,11,within_sub-018_holdout01,sub-018,high_4_5_6,low_1_2_3
423,2148,11,within_sub-018_holdout01,sub-018,high_4_5_6,low_1_2_3
424,2128,11,within_sub-018_holdout01,sub-018,low_1_2_3,low_1_2_3
425,2034,11,within_sub-018_holdout01,sub-018,low_1_2_3,low_1_2_3
426,2072,11,within_sub-018_holdout01,sub-018,high_4_5_6,high_4_5_6
427,2114,11,within_sub-018_holdout01,sub-018,low_1_2_3,high_4_5_6
428,2075,11,within_sub-018_holdout01,sub-018,high_4_5_6,high_4_5_6
429,2120,11,within_sub-018_holdout01,sub-018,high_4_5_6,high_4_5_6
430,1996,11,within_sub-018_holdout01,sub-018,baseline,baseline
431,2122,11,within_sub-018_holdout01,sub-018,low_1_2_3,high_4_5_6
432,2116,11,within_sub-018_holdout01,sub-018,high_4_5_6,high_4_5_6
433,2053,11,within_sub-018_holdout01,sub-018,high_4_5_6,high_4_5_6
434,2161,11,within_sub-018_holdout01,sub-018,high_4_5_6,high_4_5_6
435,2054,11,within_sub-018_holdout01,sub-018,high_4_5_6,low_1_2_3
436,2098,11,within_sub-018_holdout01,sub-018,high_4_5_6,high_4_5_6
437,2033,11,within_sub-018_holdout01,sub-018,low_1_2_3,baseline
438,2103,11,within_sub-018_holdout01,sub-018,low_1_2_3,low_1_2_3
439,2158,11,within_sub-018_holdout01,sub-018,low_1_2_3,low_1_2_3
440,2220,12,within_sub-019_holdout01,sub-019,low_1_2_3,high_4_5_6
441,2180,12,within_sub-019_holdout01,sub-019,baseline,baseline
442,2332,12,within_sub-019_holdout01,sub-019,low_1_2_3,high_4_5_6
443,2200,12,within_sub-019_holdout01,sub-019,high_4_5_6,high_4_5_6
444,2313,12,within_sub-019_holdout01,sub-019,high_4_5_6,high_4_5_6
445,2267,12,within_sub-019_holdout01,sub-019,high_4_5_6,high_4_5_6
446,2258,12,within_sub-019_holdout01,sub-019,low_1_2_3,low_1_2_3
447,2210,12,within_sub-019_holdout01,sub-019,high_4_5_6,high_4_5_6
448,2284,12,within_sub-019_holdout01,sub-019,high_4_5_6,high_4_5_6
449,2194,12,within_sub-019_holdout01,sub-019,baseline,baseline
450,2328,12,within_sub-019_holdout01,sub-019,low_1_2_3,low_1_2_3
451,2316,12,within_sub-019_holdout01,sub-019,low_1_2_3,baseline
452,2272,12,within_sub-019_holdout01,sub-019,high_4_5_6,high_4_5_6
453,2341,12,within_sub-019_holdout01,sub-019,low_1_2_3,low_1_2_3
454,2333,12,within_sub-019_holdout01,sub-019,low_1_2_3,high_4_5_6
455,2238,12,within_sub-019_holdout01,sub-019,low_1_2_3,low_1_2_3
456,2301,12,within_sub-019_holdout01,sub-019,high_4_5_6,high_4_5_6
457,2188,12,within_sub-019_holdout01,sub-019,baseline,baseline
458,2231,12,within_sub-019_holdout01,sub-019,high_4_5_6,low_1_2_3
459,2207,12,within_sub-019_holdout01,sub-019,high_4_5_6,high_4_5_6
460,2257,12,within_sub-019_holdout01,sub-019,low_1_2_3,low_1_2_3
461,2302,12,within_sub-019_holdout01,sub-019,high_4_5_6,high_4_5_6
462,2264,12,within_sub-019_holdout01,sub-019,high_4_5_6,high_4_5_6
463,2324,12,within_sub-019_holdout01,sub-019,low_1_2_3,low_1_2_3
464,2274,12,within_sub-019_holdout01,sub-019,low_1_2_3,low_1_2_3
465,2351,12,within_sub-019_holdout01,sub-019,high_4_5_6,high_4_5_6
466,2344,12,within_sub-019_holdout01,sub-019,high_4_5_6,high_4_5_6
467,2212,12,within_sub-019_holdout01,sub-019,high_4_5_6,high_4_5_6
468,2275,12,within_sub-019_holdout01,sub-019,low_1_2_3,low_1_2_3
469,2281,12,within_sub-019_holdout01,sub-019,high_4_5_6,high_4_5_6
470,2331,12,within_sub-019_holdout01,sub-019,low_1_2_3,high_4_5_6
471,2277,12,within_sub-019_holdout01,sub-019,low_1_2_3,low_1_2_3
472,2214,12,within_sub-019_holdout01,sub-019,low_1_2_3,high_4_5_6
473,2314,12,within_sub-019_holdout01,sub-019,high_4_5_6,low_1_2_3
474,2187,12,within_sub-019_holdout01,sub-019,baseline,baseline
475,2352,12,within_sub-019_holdout01,sub-019,low_1_2_3,low_1_2_3
